[{
  "_id": {
    "$oid": "67317dea31f0c88923d13013"
  },
  "Author": "Riya",
  "email": "1032222471@mitwpu.edu.in",
  "headline": "Welcome to my website!",
  "Textcontent": [
    "Hello, welcome to my website ",
    "Regard, Have a nice day!"
  ],
  "Photos": [
    "https://picsum.photos/id/26/367/267",
    "https://picsum.photos/seed/picsum/200/300"
  ],
  "verified": true,
  "__v": 0
},
{
  "_id": {
    "$oid": "673196e202b7ce5ae308903a"
  },
  "Author": "Kritika",
  "email": "1032222473@mitwpu.edu.in",
  "headline": "Hello World",
  "Textcontent": [
    "erwferdfg",
    "ergerg"
  ],
  "Photos": [
    "https://picsum.photos/id/237/200/300",
    "https://picsum.photos/seed/picsum/200/300"
  ],
  "verified": true,
  "__v": 0
},
{
  "_id": {
    "$oid": "6731b425cd7cb2e7e1aafdb8"
  },
  "Author": "Anuhska",
  "email": "1032222471@mitwpu.edu.in",
  "headline": "MIT wants to know",
  "Textcontent": [
    "efegffre",
    "rgegerg"
  ],
  "Photos": [
    "https://encrypted-tbn0.gstatic.com/images?q=tbn:ANd9GcQwlsodOXov5B5niarXLyT-0UU4NqWr8JauZg&s",
    "https://encrypted-tbn0.gstatic.com/images?q=tbn:ANd9GcQwlsodOXov5B5niarXLyT-0UU4NqWr8JauZg&s"
  ],
  "verified": false,
  "__v": 0
}]