[{
  "_id": {
    "$oid": "67135418f4dcc9d09191fdf5"
  },
  "Article_id": 10,
  "Photos": [
    "https://picsum.photos/seed/green1/200/300",
    "https://picsum.photos/seed/green2/200/300"
  ],
  "Textcontent": [
    "The Green Energy Initiative has launched a new solar power project on campus, aiming to reduce the university's energy costs and carbon footprint. The project will include a series of solar panels installed on various campus buildings, generating clean energy for the entire university.",
    "This ambitious project is part of the university’s ongoing commitment to sustainability. Students and faculty will work together to monitor the performance of the solar panels and collect data that can be used to optimize future renewable energy projects."
  ],
  "headline": "Green Energy Initiative Launches Campus Solar Project",
  "Author": "Lily Davis",
  "likes": 28
},
{
  "_id": {
    "$oid": "67135418f4dcc9d09191fdf3"
  },
  "Article_id": 8,
  "Photos": [
    "https://picsum.photos/seed/biotech1/200/300",
    "https://picsum.photos/seed/biotech2/200/300"
  ],
  "Textcontent": [
    "At this year’s BioTech conference, experts in gene therapy discussed the latest developments in the field. Scientists are exploring new ways to treat genetic diseases by altering DNA sequences, offering potential breakthroughs in medical treatments.",
    "The conference also highlighted the ethical considerations of gene therapy, stressing the importance of responsible research and regulation. Experts warned that while the potential is huge, there must be careful attention to the long-term effects on human health and the environment."
  ],
  "headline": "BioTech Conference Focuses on Gene Therapy",
  "Author": "Rachel Green",
  "likes": 22
},
{
  "_id": {
    "$oid": "67135418f4dcc9d09191fdf2"
  },
  "Article_id": 7,
  "Photos": [
    "https://picsum.photos/seed/ai1/200/300",
    "https://picsum.photos/seed/ai2/200/300"
  ],
  "Textcontent": [
    "The AI Research Group at the university has made strides in climate modeling by leveraging advanced machine learning algorithms. These models can predict climate changes more accurately and can help inform global strategies for mitigating climate change.",
    "The research group is also exploring how artificial intelligence can be used to optimize renewable energy production and improve the efficiency of existing technologies. This work is part of the broader push to use AI for solving some of the world's most pressing environmental challenges."
  ],
  "headline": "AI Research Group Advances Climate Modeling",
  "Author": "Anna Williams",
  "likes": 18
},
{
  "_id": {
    "$oid": "67135418f4dcc9d09191fdf4"
  },
  "Article_id": 9,
  "Photos": [
    "https://picsum.photos/seed/satellite1/200/300",
    "https://picsum.photos/seed/satellite2/200/300"
  ],
  "Textcontent": [
    "A team of students has designed and built a student satellite that is set for launch later this year. The satellite, which was developed as part of a senior project, will collect valuable data about Earth's atmosphere.",
    "The satellite will be launched into orbit by a private space company, marking a major milestone for the university’s aerospace program. This project showcases the university's commitment to advancing space research and technology."
  ],
  "headline": "Student-Built Satellite Set for Launch",
  "Author": "Tom Anderson",
  "likes": 30
},
{
  "_id": {
    "$oid": "67135418f4dcc9d09191fdec"
  },
  "Article_id": 1,
  "Photos": [
    "https://picsum.photos/seed/hackathon1/200/300",
    "https://picsum.photos/seed/hackathon2/200/300"
  ],
  "Textcontent": [
    "The Tech Club at the university recently hosted its annual hackathon, where teams of students competed to solve real-world problems with innovative software solutions. The event spanned 48 hours, during which participants worked around the clock to build functional prototypes.",
    "Winners of the hackathon received exciting prizes and the opportunity to present their projects at the upcoming tech fair. The hackathon continues to be a highlight for students interested in technology, offering a platform for creativity and collaboration."
  ],
  "headline": "Tech Club Hosts Annual Hackathon",
  "Author": "Preeti Patil",
  "likes": 8
},
{
  "_id": {
    "$oid": "67135418f4dcc9d09191fdef"
  },
  "Article_id": 4,
  "Photos": [
    "https://picsum.photos/seed/solar1/200/300",
    "https://picsum.photos/seed/solar2/200/300"
  ],
  "Textcontent": [
    "Researchers at the university have made significant advancements in solar panel efficiency, increasing energy conversion rates by up to 20%. Their new design incorporates innovative materials that improve both performance and durability, potentially changing the landscape of renewable energy.",
    "This breakthrough is part of a larger initiative to reduce carbon footprints and make solar energy more accessible. By improving the affordability and efficiency of solar panels, the university aims to contribute to the global transition to cleaner energy sources."
  ],
  "headline": "University Researchers Boost Solar Panel Efficiency",
  "Author": "David Lee",
  "likes": 12
},
{
  "_id": {
    "$oid": "67135a92f4dcc9d09191fe08"
  },
  "Article_id": 21,
  "Photos": [
    "https://picsum.photos/seed/drone1/200/300",
    "https://picsum.photos/seed/drone2/200/300"
  ],
  "Textcontent": [
    "The Engineering Department at the university has successfully tested high-precision drone technology, which can be used for surveying and monitoring hard-to-reach areas. The drones are equipped with advanced sensors that allow them to collect accurate data even in challenging environments.",
    "This technology has wide applications, from environmental monitoring to disaster response, and the department is already collaborating with local authorities to explore how these drones can be used in real-world scenarios."
  ],
  "headline": "Engineering Department Tests High-Precision Drone Technology",
  "Author": "Daniel Cooper",
  "likes": 58
},
{
  "_id": {
    "$oid": "67135418f4dcc9d09191fdee"
  },
  "Article_id": 3,
  "Photos": [
    "https://picsum.photos/seed/ai3/200/300",
    "https://picsum.photos/seed/ai4/200/300"
  ],
  "Textcontent": [
    "At the Data Science Symposium, experts discussed the ethical implications of artificial intelligence. Topics included the role of AI in decision-making processes, potential biases in AI algorithms, and the importance of transparency in AI systems.",
    "The symposium also focused on the need for regulation and ethical guidelines to ensure that AI is developed and used responsibly. As AI continues to grow in influence, it is crucial that developers and policymakers work together to prevent misuse and unintended consequences."
  ],
  "headline": "Data Science Symposium Highlights Ethical AI",
  "Author": "Emma Stone",
  "likes": 19
}]