[{
  "_id": {
    "$oid": "671356b0f4dcc9d09191fdfe"
  },
  "Article_id": 15,
  "Photos": [
    "https://picsum.photos/seed/championship1/200/300",
    "https://picsum.photos/seed/championship2/200/300"
  ],
  "Textcontent": [
    "The university's athletics team celebrated their third consecutive regional championship win in an exhilarating final match. The team credits their success to rigorous training and strong teamwork.",
    "This victory further establishes the team as a formidable competitor in the region, inspiring future athletes at the university."
  ],
  "headline": "Athletics Team Wins Third Consecutive Regional Championship",
  "Author": "Ben Stevens",
  "likes": 50
},
{
  "_id": {
    "$oid": "671356b0f4dcc9d09191fe00"
  },
  "Article_id": 17,
  "Photos": [
    "https://picsum.photos/seed/culture1/200/300",
    "https://picsum.photos/seed/culture2/200/300"
  ],
  "Textcontent": [
    "The university's annual cultural festival brought students from diverse backgrounds together to celebrate various traditions. The event included dance, music, and art performances.",
    "This celebration of diversity helps students connect and learn more about different cultures, fostering an inclusive community on campus."
  ],
  "headline": "Cultural Festival Brings Students Together",
  "Author": "Emily Adams",
  "likes": 31
},
{
  "_id": {
    "$oid": "671356b0f4dcc9d09191fdff"
  },
  "Article_id": 16,
  "Photos": [
    "https://picsum.photos/seed/robot1/200/300",
    "https://picsum.photos/seed/robot2/200/300"
  ],
  "Textcontent": [
    "The university and local hospitals have teamed up to develop a new surgical robot that can assist doctors during complex procedures. The robot is designed to increase precision and reduce recovery times.",
    "This collaboration is a major step forward in medical technology, offering new training opportunities for students in both engineering and medicine."
  ],
  "headline": "University and Hospitals Collaborate on Surgical Robot",
  "Author": "Eleanor White",
  "likes": 43
},
{
  "_id": {
    "$oid": "671356b0f4dcc9d09191fe02"
  },
  "Article_id": 19,
  "Photos": [
    "https://picsum.photos/seed/startup1/200/300",
    "https://picsum.photos/seed/startup2/200/300"
  ],
  "Textcontent": [
    "The university’s Innovation Fund recently awarded grants to promising student startups, covering a range of industries from tech to sustainability. The funding aims to support early-stage ideas and encourage student entrepreneurship.",
    "These grants provide students with resources and mentorship, helping them develop their ideas into market-ready products."
  ],
  "headline": "Innovation Fund Awards Grants to Student Startups",
  "Author": "Oliver Scott",
  "likes": 37
},
{
  "_id": {
    "$oid": "671356b0f4dcc9d09191fdfb"
  },
  "Article_id": 12,
  "Photos": [
    "https://picsum.photos/seed/water1/200/300",
    "https://picsum.photos/seed/water2/200/300"
  ],
  "Textcontent": [
    "The Chemistry Department has developed a new method for purifying water that is both cost-effective and highly efficient. The technique removes contaminants and bacteria, making it suitable for use in areas with limited access to clean water.",
    "This innovative approach has potential applications in humanitarian aid and environmental conservation, contributing to efforts for a healthier planet."
  ],
  "headline": "Chemistry Department Develops New Water Purification Method",
  "Author": "James Baker",
  "likes": 28
},
{
  "_id": {
    "$oid": "671356b0f4dcc9d09191fdfc"
  },
  "Article_id": 13,
  "Photos": [
    "https://picsum.photos/seed/film1/200/300",
    "https://picsum.photos/seed/film2/200/300"
  ],
  "Textcontent": [
    "The university’s Film Club premiered a new short film produced by students in the media department. The film received praise for its storytelling and cinematography, showcasing the club’s dedication to creative projects.",
    "The premiere was attended by students, faculty, and local filmmakers, making it a memorable event for the university’s art community."
  ],
  "headline": "Film Club Premieres New Short Film",
  "Author": "Chris Evans",
  "likes": 18
},
{
  "_id": {
    "$oid": "671356b0f4dcc9d09191fdfa"
  },
  "Article_id": 11,
  "Photos": [
    "https://picsum.photos/seed/tree1/200/300",
    "https://picsum.photos/seed/tree2/200/300"
  ],
  "Textcontent": [
    "The Eco Club organized a tree-planting drive as part of its ongoing efforts to promote sustainability on campus. Volunteers planted over 500 trees, helping to improve local air quality and biodiversity.",
    "The initiative also raised awareness about the importance of green spaces, with workshops held on sustainable gardening and conservation."
  ],
  "headline": "Eco Club Hosts Tree-Planting Drive",
  "Author": "Sophia Turner",
  "likes": 35
},
{
  "_id": {
    "$oid": "671356b0f4dcc9d09191fe03"
  },
  "Article_id": 20,
  "Photos": [
    "https://picsum.photos/seed/housing1/200/300",
    "https://picsum.photos/seed/housing2/200/300"
  ],
  "Textcontent": [
    "The School of Architecture has launched an affordable housing project aimed at creating sustainable living spaces for low-income families. The project will focus on eco-friendly materials and energy-efficient designs.",
    "This initiative is part of the university’s commitment to community engagement and sustainable urban development."
  ],
  "headline": "Architecture School Launches Affordable Housing Project",
  "Author": "Isabella Roberts",
  "likes": 45
},
{
  "_id": {
    "$oid": "671356b0f4dcc9d09191fdfd"
  },
  "Article_id": 14,
  "Photos": [
    "https://picsum.photos/seed/mindfulness1/200/300",
    "https://picsum.photos/seed/mindfulness2/200/300"
  ],
  "Textcontent": [
    "A recent study conducted by the Psychology Department found that mindfulness practices can significantly reduce stress levels among students. The study involved weekly meditation sessions and stress assessments.",
    "The findings suggest that mindfulness could be an effective tool for managing academic stress, with potential to improve mental health across campus."
  ],
  "headline": "Study Reveals Benefits of Mindfulness in Reducing Student Stress",
  "Author": "Laura Mitchell",
  "likes": 24
},
{
  "_id": {
    "$oid": "671356b0f4dcc9d09191fe01"
  },
  "Article_id": 18,
  "Photos": [
    "https://picsum.photos/seed/stargazing1/200/300",
    "https://picsum.photos/seed/stargazing2/200/300"
  ],
  "Textcontent": [
    "The Astronomy Club hosted a star-gazing event, attracting students eager to learn about the night sky. Telescopes were set up to observe planets, constellations, and even distant galaxies.",
    "The event sparked interest in astronomy, with many students expressing a desire to participate in future events and workshops on space science."
  ],
  "headline": "Astronomy Club Hosts Star-Gazing Night",
  "Author": "Samuel King",
  "likes": 27
},
{
  "_id": {
    "$oid": "67317e0531f0c88923d13019"
  },
  "Article_id": 1731296773140,
  "headline": "Welcome to my website!",
  "Textcontent": [
    "Hello, welcome to my website ",
    "Regard, Have a nice day!"
  ],
  "Author": "Riya",
  "Photos": [
    "https://picsum.photos/id/26/367/267",
    "https://picsum.photos/seed/picsum/200/300"
  ],
  "likes": 0,
  "__v": 0
},
{
  "_id": {
    "$oid": "6731b3accd7cb2e7e1aafdaa"
  },
  "Article_id": 1731310508349,
  "headline": "Hello World",
  "Textcontent": [
    "erwferdfg",
    "ergerg"
  ],
  "Author": "Kritika",
  "Photos": [
    "https://picsum.photos/id/237/200/300",
    "https://picsum.photos/seed/picsum/200/300"
  ],
  "likes": 0,
  "__v": 0
}]